 2     2  2058   ASP 615  , 1     1   778   ARG 57   
 1     1   914   ASP 193  , 1     1   745   ARG 24   
 0     0   338   ARG 339  , 0     0   263   ASP 264  
 3     3  2501   ARG 336  , 3     3  2429   ASP 264  
 3     3  2501   ARG 336  , 3     3  2464   ASP 299  
 1     1   942   ASP 221  , 1     1   938   LYS 217  
 2     2  1776   ARG 333  , 2     2  1701   ASP 258  
 0     0   345   GLU 346  , 0     0     6   ARG 7    
 3     3  2840   ARG 675  , 3     3  2784   ASP 619  
 1     1  1336   ASP 615  , 0     0    56   ARG 57   
 2     2  1773   ARG 330  , 2     2  1697   ASP 254  
 2     2  1773   ARG 330  , 2     2  1701   ASP 258  
 0     0   688   GLU 689  , 0     0   680   ARG 681  
 2     2  2007   ARG 564  , 2     2  1978   ASP 535  
 3     3  2780   ASP 615  , 2     2  1500   ARG 57   
 2     2  1964   ARG 521  , 1     1  1067   GLU 346  
 3     3  2751   GLU 586  , 2     2  2007   ARG 564  
 0     0   674   ARG 675  , 0     0   618   ASP 619  
 3     3  2498   ARG 333  , 3     3  2423   ASP 258  
 0     0   335   ARG 336  , 0     0   298   ASP 299  
 0     0   335   ARG 336  , 0     0   263   ASP 264  
 0     0   332   ARG 333  , 0     0   257   ASP 258  
 1     1  1356   ARG 635  , 1     1  1321   GLU 600  
 3     3  2318   ARG 153  , 3     3  2308   ASP 143  
 1     1  1406   ASP 685  , 1     1  1402   ARG 681  
 1     1  1057   ARG 336  , 1     1  1020   ASP 299  
 1     1  1057   ARG 336  , 1     1   985   ASP 264  
 3     3  2386   ASP 221  , 3     3  2382   LYS 217  
 1     1  1054   ARG 333  , 1     1   979   ASP 258  
 2     2  1779   ARG 336  , 2     2  1742   ASP 299  
 1     1  1051   ARG 330  , 1     1   979   ASP 258  
 0     0   220   ASP 221  , 0     0   216   LYS 217  
 1     1  1048   LYS 327  , 1     1  1028   ASP 307  
 0     0   329   ARG 330  , 0     0   257   ASP 258  
 2     2  1930   GLU 487  , 1     1  1205   ARG 484  
 2     2  1779   ARG 336  , 2     2  1707   ASP 264  
 3     3  2495   ARG 330  , 3     3  2423   ASP 258  
 2     2  1770   LYS 327  , 2     2  1750   ASP 307  
 2     2  2128   ASP 685  , 2     2  2124   ARG 681  
 1     1  1410   GLU 689  , 1     1  1402   ARG 681  
 2     2  1782   ARG 339  , 2     2  1707   ASP 264  
 0     0   338   ARG 339  , 0     0   298   ASP 299  
 3     3  2850   ASP 685  , 3     3  2846   ARG 681  
 0     0   341   ASP 342  , 0     0     6   ARG 7    
 3     3  2854   GLU 689  , 3     3  2846   ARG 681  
 1     1  1300   ASP 579  , 1     1  1229   ARG 508  
 4     4  2907   ARG 1020 , 4     4  2891   ASP 1004 
 2     2  1664   ASP 221  , 2     2  1660   LYS 217  
 2     2  1782   ARG 339  , 2     2  1664   ASP 221  
 0     0   684   ASP 685  , 0     0   680   ARG 681  
 1     1  1242   ARG 521  , 0     0   345   GLU 346  
 0     0   634   ARG 635  , 0     0   599   GLU 600  
 0     0   386   ARG 387  , 0     0   376   GLU 377  
 1     1  1242   ARG 521  , 0     0   341   ASP 342  
 1     1  1285   ARG 564  , 1     1  1281   ASP 560  
 3     3  2729   ARG 564  , 3     3  2700   ASP 535  
 3     3  2800   ARG 635  , 3     3  2765   GLU 600  
 2     2  1545   LYS 102  , 2     2  1502   GLU 59   
 2     2  1937   ASP 494  , 0     0     0   MET 1    
 1     1  1396   ARG 675  , 1     1  1340   ASP 619  
 0     0   674   ARG 675  , 0     0   623   GLU 624  
 1     1  1051   ARG 330  , 1     1   975   ASP 254  
 2     2  2007   ARG 564  , 2     2  1982   ASP 539  
 3     3  2507   ASP 342  , 3     3  2173   ARG 8    
 1     1  1063   ASP 342  , 1     1  1060   ARG 339  
 1     1   805   ARG 84   , 1     1   802   GLU 81   
 3     3  2495   ARG 330  , 3     3  2472   ASP 307  
 1     1   823   LYS 102  , 1     1   780   GLU 59   
 1     1  1307   GLU 586  , 0     0   563   ARG 564  
 3     3  2649   ARG 484  , 0     0   486   GLU 487  
 2     2  2131   ARG 688  , 2     2  2128   ASP 685  
 2     2  2132   GLU 689  , 2     2  2124   ARG 681  
 0     0   182   ARG 183  , 0     0    26   ASP 27   
 0     0    87   GLU 88   , 0     0    83   ARG 84   
 1     1  1433   ARG 712  , 1     1  1413   GLU 692  
 0     0   563   ARG 564  , 0     0   534   ASP 535  
 0     0    83   ARG 84   , 0     0    80   GLU 81   
 0     0   721   GLU 722  , 0     0   696   LYS 697  
 0     0   101   LYS 102  , 0     0    58   GLU 59   
 0     0   676   ARG 677  , 0     0   603   ASP 604  
 3     3  2744   ASP 579  , 3     3  2673   ARG 508  
 3     3  2348   ARG 183  , 3     3  2192   ASP 27   
 0     0   721   GLU 722  , 0     0   717   ARG 718  
 4     4  2923   LYS 1036 , 3     3  2563   ASP 398  
 2     2  1619   GLU 176  , 2     2  1605   ARG 162  
 3     3  2267   LYS 102  , 3     3  2224   GLU 59   
 3     3  2222   ARG 57   , 0     0   614   ASP 615  
 1     1   809   GLU 88   , 1     1   805   ARG 84   
 3     3  2345   LYS 180  , 3     3  2261   GLU 96   
 0     0   152   ARG 153  , 0     0   140   GLU 141  
 0     0   326   LYS 327  , 0     0   306   ASP 307  
 2     2  2154   ARG 711  , 2     2  2150   ASP 707  
 2     2  2118   ARG 675  , 2     2  2062   ASP 619  
 2     2  1951   ARG 508  , 1     1  1256   ASP 535  
 1     1  1398   ARG 677  , 1     1  1325   ASP 604  
 1     1  1432   ARG 711  , 1     1  1428   ASP 707  
 3     3  2302   LYS 137  , 3     3  2261   GLU 96   
 2     2  1636   ASP 193  , 2     2  1467   ARG 24   
 0     0   136   LYS 137  , 0     0    95   GLU 96   
 2     2  2120   ARG 677  , 2     2  2047   ASP 604  
 0     0   141   ASP 142  , 0     0   103   ARG 104  
 3     3  2358   ASP 193  , 3     3  2189   ARG 24   
 2     2  2022   ASP 579  , 2     2  1951   ARG 508  
 3     3  2492   LYS 327  , 3     3  2472   ASP 307  
 2     2  1580   LYS 137  , 2     2  1539   GLU 96   
 1     1   858   LYS 137  , 1     1   817   GLU 96   
 1     1   744   ARG 23   , 1     1   740   GLU 19   
 0     0   103   ARG 104  , 0     0    72   GLU 73   
 2     2  1527   ARG 84   , 2     2  1524   GLU 81   
 2     2  1629   GLU 186  , 2     2  1626   ARG 183  
 3     3  2495   ARG 330  , 3     3  2419   ASP 254  
 0     0   329   ARG 330  , 0     0   306   ASP 307  
 3     3  2673   ARG 508  , 2     2  1978   ASP 535  
 3     3  2876   ARG 711  , 3     3  2872   ASP 707  
 3     3  2247   LYS 82   , 3     3  2243   ASP 78   
 3     3  2351   GLU 186  , 3     3  2348   ARG 183  
 0     0   710   ARG 711  , 0     0   706   ASP 707  
 3     3  2842   ARG 677  , 3     3  2769   ASP 604  
 1     1  1215   ASP 494  , 0     0   520   ARG 521  
 0     0   720   LYS 721  , 0     0   689   GLU 690  
 2     2  2078   ARG 635  , 2     2  2043   GLU 600  
 3     3  2351   GLU 186  , 3     3  2327   ARG 162  
 3     3  2549   LYS 384  , 3     3  2540   ASP 375  
 1     1   803   LYS 82   , 1     1   799   ASP 78   
 2     2  1789   GLU 346  , 2     2  1450   ARG 7    
 0     0   675   LYS 676  , 0     0   623   GLU 624  
 1     1  1000   GLU 279  , 1     1   729   ARG 8    
 2     2  1525   LYS 82   , 2     2  1521   ASP 78   
 0     0   563   ARG 564  , 0     0   538   ASP 539  
 0     0   692   ARG 693  , 0     0   688   GLU 689  
 2     2  1531   GLU 88   , 2     2  1527   ARG 84   
 3     3  2729   ARG 564  , 3     3  2704   ASP 539  
 1     1  1443   GLU 722  , 1     1  1439   ARG 718  
 2     2  2089   LYS 646  , 2     2  2032   ASP 589  
 2     2  2135   GLU 692  , 2     2  2131   ARG 688  
 3     3  2172   ARG 7    , 0     0   510   ASP 511  
 3     3  2686   ARG 521  , 2     2  1789   GLU 346  
 1     1  1417   ARG 696  , 1     1  1412   GLU 691  
 1     1  1229   ARG 508  , 0     0   534   ASP 535  
 3     3  2858   ARG 693  , 3     3  2855   GLU 690  
 0     0   386   ARG 387  , 0     0   379   ASP 380  
 2     2  2165   GLU 722  , 2     2  2159   ARG 716  
 3     3  2652   GLU 487  , 2     2  1927   ARG 484  
 4     4  2923   LYS 1036 , 4     4  2921   ASP 1034 
 2     2  2136   ARG 693  , 2     2  2133   GLU 690  
 1     1   925   LYS 204  , 1     1   914   ASP 193  
 1     1  1437   ARG 716  , 1     1  1413   GLU 692  
 3     3  2249   ARG 84   , 3     3  2246   GLU 81   
 1     1  1170   GLU 449  , 1     1  1108   ARG 387  
 0     0   687   ARG 688  , 0     0   684   ASP 685  
 2     2  1647   LYS 204  , 2     2  1644   GLU 201  
 0     0   721   GLU 722  , 0     0   692   ARG 693  
 3     3  2858   ARG 693  , 3     3  2854   GLU 689  
 3     3  2754   ASP 589  , 2     2  1977   LYS 534  
 0     0    22   ARG 23   , 0     0    18   GLU 19   
 0     0    81   LYS 82   , 0     0    77   ASP 78   
 1     1  1433   ARG 712  , 1     1  1420   GLU 699  
 3     3  2253   GLU 88   , 3     3  2249   ARG 84   
 3     3  2505   LYS 340  , 3     3  2386   ASP 221  
 1     1  1409   ARG 688  , 1     1  1406   ASP 685  
 3     3  2853   ARG 688  , 3     3  2850   ASP 685  
 1     1  1067   GLU 346  , 1     1   728   ARG 7    
 3     3  2369   LYS 204  , 3     3  2366   GLU 201  
 0     0   493   ASP 494  , 0     0   492   ARG 493  
 3     3  2857   GLU 692  , 3     3  2853   ARG 688  
 0     0    50   LYS 51   , 0     0    46   ASP 47   
 3     3  2341   GLU 176  , 3     3  2302   LYS 137  
 0     0   152   ARG 153  , 0     0   142   ASP 143  
 3     3  2188   ARG 23   , 3     3  2184   GLU 19   
 0     0   698   GLU 699  , 0     0   696   LYS 697  
 0     0   691   GLU 692  , 0     0   687   ARG 688  
 0     0   339   LYS 340  , 0     0   220   ASP 221  
 1     1  1443   GLU 722  , 1     1  1398   ARG 677  
 2     2  1466   ARG 23   , 2     2  1462   GLU 19   
 3     3  2699   LYS 534  , 0     0   585   GLU 586  
 1     1  1414   ARG 693  , 1     1  1411   GLU 690  
 1     1   874   ARG 153  , 1     1   864   ASP 143  
 0     0   645   LYS 646  , 0     0   588   ASP 589  
 2     2  1623   LYS 180  , 2     2  1539   GLU 96   
 2     2  1494   LYS 51   , 2     2  1490   ASP 47   
 1     1   871   LYS 150  , 1     1   863   ASP 142  
 3     3  2887   GLU 722  , 3     3  2881   ARG 716  
 1     1  1285   ARG 564  , 1     1  1260   ASP 539  
 1     1  1310   ASP 589  , 0     0   533   LYS 534  
 2     2  2136   ARG 693  , 2     2  2132   GLU 689  
 1     1  1437   ARG 716  , 1     1  1406   ASP 685  
 3     3  2511   GLU 346  , 3     3  2173   ARG 8    
 2     2  2155   ARG 712  , 1     1   812   GLU 91   
 3     3  2729   ARG 564  , 0     0   585   GLU 586  
 3     3  2579   GLU 414  , 3     3  2409   ARG 244  
 0     0   506   GLU 507  , 0     0   502   LYS 503  
 3     3  2492   LYS 327  , 3     3  2482   GLU 317  
 2     2  2118   ARG 675  , 2     2  2067   GLU 624  
 1     1  1414   ARG 693  , 1     1  1410   GLU 689  
 3     3  2840   ARG 675  , 3     3  2789   GLU 624  
 1     1  1413   GLU 692  , 1     1  1409   ARG 688  
 1     1   772   LYS 51   , 1     1   768   ASP 47   
 3     3  2689   ASP 524  , 3     3  2649   ARG 484  
 0     0   717   ARG 718  , 0     0   698   GLU 699  
 1     1   825   ARG 104  , 1     1   794   GLU 73   
 1     1  1443   GLU 722  , 0     0   555   ARG 556  
 0     0   329   ARG 330  , 0     0   253   ASP 254  
 3     3  2864   GLU 699  , 3     3  2861   ARG 696  
 2     2  1596   ARG 153  , 2     2  1584   GLU 141  
 2     2  1593   LYS 150  , 2     2  1585   ASP 142  
 0     0   374   ASP 375  , 0     0   241   LYS 242  
 1     1  1420   GLU 699  , 1     1  1409   ARG 688  
 3     3  2366   GLU 201  , 3     3  2364   LYS 199  
 1     1   864   ASP 143  , 1     1   825   ARG 104  
 0     0   647   ASP 648  , 0     0   646   ARG 647  
 2     2  1950   GLU 507  , 2     2  1946   LYS 503  
 1     1  1443   GLU 722  , 0     0   665   ARG 666  
 2     2  1830   ARG 387  , 2     2  1820   GLU 377  
 3     3  2881   ARG 716  , 3     3  2864   GLU 699  
 1     1   904   ARG 183  , 1     1   817   GLU 96   
 2     2  2029   GLU 586  , 1     1  1255   LYS 534  
 3     3  2811   LYS 646  , 3     3  2754   ASP 589  
 3     3  2856   GLU 691  , 3     3  2853   ARG 688  
 1     1  1369   ASP 648  , 1     1  1367   LYS 646  
 4     4  2921   ASP 1034 , 4     4  2888   ARG 1001 
 2     2  1760   GLU 317  , 2     2  1687   ARG 244  
 1     1  1038   GLU 317  , 1     1   965   ARG 244  
 3     3  2345   LYS 180  , 3     3  2341   GLU 176  
 3     3  2552   ARG 387  , 3     3  2542   GLU 377  
 2     2  1596   ARG 153  , 2     2  1586   ASP 143  
 3     3  2672   GLU 507  , 3     3  2668   LYS 503  
 2     2  1728   LYS 285  , 2     2  1726   ASP 283  
 2     2  1589   LYS 146  , 2     2  1586   ASP 143  
 0     0   695   ARG 696  , 0     0   691   GLU 692  
 1     1  1285   ARG 564  , 1     1  1256   ASP 535  
 3     3  2249   ARG 84   , 3     3  2204   ASP 39   
 0     0   486   GLU 487  , 0     0   483   ARG 484  
 0     0   523   ASP 524  , 0     0   483   ARG 484  
 0     0   203   LYS 204  , 0     0   200   GLU 201  
 2     2  1626   ARG 183  , 2     2  1470   ASP 27   
 4     4  2914   ARG 1027 , 3     3  2563   ASP 398  
 3     3  2691   GLU 526  , 2     2  1970   LYS 527  
 3     3  2327   ARG 162  , 3     3  2192   ASP 27   
 2     2  2095   LYS 652  , 2     2  2012   GLU 569  
 2     2  2138   LYS 695  , 2     2  2134   GLU 691  
 1     1  1133   LYS 412  , 1     1  1096   ASP 375  
 2     2  2139   ARG 696  , 2     2  2135   GLU 692  
 3     3  2686   ARG 521  , 2     2  1785   ASP 342  
 0     0   316   GLU 317  , 0     0   243   ARG 244  
 3     3  2864   GLU 699  , 3     3  2860   LYS 695  
 1     1  1367   LYS 646  , 1     1  1290   GLU 569  
 3     3  2700   ASP 535  , 0     0   507   ARG 508  
 2     2  1785   ASP 342  , 2     2  1450   ARG 7    
 3     3  2751   GLU 586  , 2     2  1977   LYS 534  
 1     1  1417   ARG 696  , 1     1  1411   GLU 690  
 3     3  2577   LYS 412  , 3     3  2481   ASP 316  
 0     0   413   GLU 414  , 0     0   411   LYS 412  
 3     3  2577   LYS 412  , 3     3  2482   GLU 317  
 2     2  1951   ARG 508  , 1     1  1260   ASP 539  
 2     2  1970   LYS 527  , 2     2  1969   GLU 526  
 3     3  2364   LYS 199  , 3     3  2284   GLU 119  
 2     2  2125   LYS 682  , 2     2  2049   GLU 606  
 1     1  1437   ARG 716  , 1     1  1410   GLU 689  
 0     0   200   GLU 201  , 0     0   198   LYS 199  
 3     3  2817   LYS 652  , 3     3  2813   ASP 648  
 2     2  1841   ASP 398  , 1     1  1171   LYS 450  
 2     2  2056   LYS 613  , 2     2  1994   GLU 551  
 0     0   149   LYS 150  , 0     0   141   ASP 142  
 2     2  2159   ARG 716  , 1     1   812   GLU 91   
 1     1  1228   GLU 507  , 1     1  1224   LYS 503  
 1     1  1108   ARG 387  , 1     1  1098   GLU 377  
 1     1  1373   LYS 652  , 1     1  1369   ASP 648  
 1     1  1061   LYS 340  , 1     1   942   ASP 221  
 3     3  2311   LYS 146  , 3     3  2307   ASP 142  
 3     3  2450   LYS 285  , 3     3  2448   ASP 283  
 2     2  1930   GLU 487  , 2     2  1927   ARG 484  
 2     2  1722   GLU 279  , 2     2  1451   ARG 8    
 0     0   326   LYS 327  , 0     0   253   ASP 254  
 3     3  2692   LYS 527  , 3     3  2689   ASP 524  
 2     2  1893   LYS 450  , 2     2  1890   ASP 447  
 0     0   526   LYS 527  , 0     0   523   ASP 524  
 1     1   897   GLU 176  , 1     1   895   LYS 174  
 3     3  2444   GLU 279  , 0     0   520   ARG 521  
 2     2  1830   ARG 387  , 2     2  1824   GLU 381  
 3     3  2253   GLU 88   , 0     0   686   LYS 687  
 1     1  1140   LYS 419  , 1     1  1135   GLU 414  
 0     0   185   GLU 186  , 0     0    23   ARG 24   
 1     1  1248   LYS 527  , 1     1  1245   ASP 524  
 0     0   689   GLU 690  , 0     0   686   LYS 687  
 1     1  1133   LYS 412  , 1     1  1038   GLU 317  
 2     2  1970   LYS 527  , 2     2  1967   ASP 524  
 0     0   646   ARG 647  , 0     0   588   ASP 589  
 3     3  2813   ASP 648  , 3     3  2811   LYS 646  
 0     0   198   LYS 199  , 0     0   118   GLU 119  
 3     3  2716   GLU 551  , 3     3  2712   LYS 547  
 2     2  2091   ASP 648  , 2     2  2090   ARG 647  
 3     3  2222   ARG 57   , 3     3  2212   ASP 47   
 2     2  1855   LYS 412  , 2     2  1825   ASP 382  
 3     3  2861   ARG 696  , 3     3  2857   GLU 692  
 0     0   651   LYS 652  , 0     0   647   ASP 648  
 3     3  2216   LYS 51   , 3     3  2212   ASP 47   
 2     2  1547   ARG 104  , 2     2  1516   GLU 73   
 1     1  1367   LYS 646  , 1     1  1310   ASP 589  
 3     3  2269   ARG 104  , 3     3  2238   GLU 73   
 1     1  1000   GLU 279  , 1     1   744   ARG 23   
 2     2  2142   GLU 699  , 2     2  2140   LYS 697  
 3     3  2887   GLU 722  , 3     3  2860   LYS 695  
 3     3  2841   LYS 676  , 3     3  2789   GLU 624  
 3     3  2852   LYS 687  , 2     2  1531   GLU 88   
 3     3  2817   LYS 652  , 3     3  2734   GLU 569  
 1     1  1373   LYS 652  , 1     1  1290   GLU 569  
 3     3  2552   ARG 387  , 3     3  2545   ASP 380  
 0     0   694   LYS 695  , 0     0   690   GLU 691  
 0     0   173   LYS 174  , 0     0    26   ASP 27   
 3     3  2166   MET 1    , 1     1  1215   ASP 494  
 3     3  2860   LYS 695  , 3     3  2856   GLU 691  
 1     1  1412   GLU 691  , 1     1  1408   LYS 687  
 3     3  2579   GLU 414  , 3     3  2577   LYS 412  
 2     2  2132   GLU 689  , 2     2  2131   ARG 688  
 2     2  2142   GLU 699  , 2     2  2136   ARG 693  
 1     1   922   GLU 201  , 1     1   920   LYS 199  
 1     1  1411   GLU 690  , 1     1  1408   LYS 687  
 2     2  2078   ARG 635  , 1     1  1256   ASP 535  
 3     3  2481   ASP 316  , 3     3  2409   ARG 244  
 2     2  1642   LYS 199  , 2     2  1564   ASP 121  
 0     0   578   ASP 579  , 0     0   507   ARG 508  
 3     3  2672   GLU 507  , 3     3  2658   ARG 493  
 0     0   120   ASP 121  , 0     0   116   ARG 117  
 1     1   920   LYS 199  , 1     1   842   ASP 121  
 0     0   612   LYS 613  , 0     0   550   GLU 551  
 3     3  2887   GLU 722  , 3     3  2861   ARG 696  
 3     3  2662   LYS 497  , 3     3  2659   ASP 494  
 3     3  2887   GLU 722  , 3     3  2883   ARG 718  
 3     3  2855   GLU 690  , 3     3  2852   LYS 687  
 2     2  2164   LYS 721  , 1     1   812   GLU 91   
 0     0   688   GLU 689  , 0     0   687   ARG 688  
 0     0   721   GLU 722  , 0     0   695   ARG 696  
 1     1  1277   ARG 556  , 1     1  1272   GLU 551  
 2     2  2161   ARG 718  , 1     1   799   ASP 78   
 0     0   654   GLU 655  , 0     0   651   LYS 652  
 3     3  2704   ASP 539  , 0     0   507   ARG 508  
 3     3  2860   LYS 695  , 3     3  2857   GLU 692  
 0     0   651   LYS 652  , 0     0   568   GLU 569  
 2     2  1564   ASP 121  , 2     2  1560   ARG 117  
 1     1  1208   GLU 487  , 0     0   483   ARG 484  
 2     2  2084   ASP 641  , 2     2  1990   LYS 547  
 2     2  1830   ARG 387  , 2     2  1823   ASP 380  
 3     3  2847   LYS 682  , 3     3  2771   GLU 606  
 3     3  2584   LYS 419  , 3     3  2579   GLU 414  
 3     3  2721   ARG 556  , 3     3  2716   GLU 551  
