 0     0   390   TRP 391  , 0     0   369   TRP 370  
 2     2  1834   TRP 391  , 2     2  1813   TRP 370  
 3     3  2556   TRP 391  , 3     3  2535   TRP 370  
 3     3  2594   PHE 429  , 3     3  2535   TRP 370  
 3     3  2291   PHE 126  , 3     3  2252   PHE 87   
 1     1  1238   TRP 517  , 1     1  1206   TYR 485  
 0     0   125   PHE 126  , 0     0    86   PHE 87   
 1     1   847   PHE 126  , 1     1   808   PHE 87   
 2     2  1569   PHE 126  , 2     2  1530   PHE 87   
 1     1  1368   ARG 647  , 1     1  1342   PHE 621  
 2     2  1779   ARG 336  , 2     2  1704   PHE 261  
 1     1  1276   PHE 555  , 1     1  1270   PHE 549  
 1     1  1150   PHE 429  , 1     1  1091   TRP 370  
 0     0   422   TYR 423  , 0     0   240   PHE 241  
 0     0   428   PHE 429  , 0     0   369   TRP 370  
 2     2  1776   ARG 333  , 2     2  1704   PHE 261  
 0     0   335   ARG 336  , 0     0   260   PHE 261  
 3     3  2498   ARG 333  , 3     3  2426   PHE 261  
 2     2  1911   PHE 468  , 2     2  1907   TYR 464  
 1     1  1054   ARG 333  , 1     1   982   PHE 261  
 3     3  2578   TRP 413  , 3     3  2570   PHE 405  
 3     3  2829   PHE 664  , 3     3  2720   PHE 555  
 2     2  1872   PHE 429  , 2     2  1813   TRP 370  
 2     2  1964   ARG 521  , 2     2  1928   TYR 485  
 1     1  1242   ARG 521  , 1     1  1238   TRP 517  
 3     3  2456   TYR 291  , 3     3  2434   PHE 269  
 0     0   663   PHE 664  , 0     0   621   TRP 622  
 3     3  2234   PHE 69   , 3     3  2220   TYR 55   
 3     3  2729   ARG 564  , 0     0   582   HIS 583  
 3     3  2536   TYR 371  , 3     3  2406   PHE 241  
 2     2  1512   PHE 69   , 2     2  1498   TYR 55   
 3     3  2711   ARG 546  , 3     3  2708   HIS 543  
 3     3  2344   HIS 179  , 3     3  2301   PHE 136  
 0     0   656   TYR 657  , 0     0   655   PHE 656  
 2     2  1776   ARG 333  , 2     2  1773   ARG 330  
 1     1   790   PHE 69   , 1     1   776   TYR 55   
 1     1  1385   PHE 664  , 1     1  1276   PHE 555  
 1     1  1144   TYR 423  , 1     1   958   TYR 237  
 1     1   962   PHE 241  , 1     1   958   TYR 237  
 2     2  1866   TYR 423  , 2     2  1680   TYR 237  
 0     0   516   TRP 517  , 0     0   484   TYR 485  
 1     1  1267   ARG 546  , 1     1  1264   HIS 543  
 2     2  1866   TYR 423  , 2     2  1684   PHE 241  
 0     0   129   PHE 130  , 0     0    48   PHE 49   
 0     0   412   TRP 413  , 0     0   404   PHE 405  
 0     0   554   PHE 555  , 0     0   548   PHE 549  
 3     3  2822   TYR 657  , 3     3  2821   PHE 656  
 0     0   467   PHE 468  , 0     0   463   TYR 464  
 0     0    68   PHE 69   , 0     0    54   TYR 55   
 2     2  2036   PHE 593  , 2     2  1995   HIS 552  
 3     3  2748   HIS 583  , 2     2  2007   ARG 564  
 2     2  1766   PHE 323  , 2     2  1749   TYR 306  
 0     0   103   ARG 104  , 0     0    99   TYR 100  
 2     2  1856   TRP 413  , 2     2  1848   PHE 405  
 0     0   182   ARG 183  , 0     0   178   HIS 179  
 1     1   778   ARG 57   , 1     1   765   TYR 44   
 2     2  2100   TYR 657  , 2     2  2099   PHE 656  
 0     0   343   TYR 344  , 0     0   221   TRP 222  
 1     1  1291   PHE 570  , 1     1  1270   PHE 549  
 3     3  2508   HIS 343  , 3     3  2173   ARG 8    
 1     1   919   TYR 198  , 1     1   738   PHE 17   
 0     0   592   PHE 593  , 0     0   551   HIS 552  
 3     3  2735   PHE 570  , 3     3  2714   PHE 549  
 2     2  1573   PHE 130  , 2     2  1492   PHE 49   
 2     2  2107   PHE 664  , 2     2  2065   TRP 622  
 0     0   332   ARG 333  , 0     0   260   PHE 261  
 3     3  2378   TYR 213  , 3     3  2377   HIS 212  
 2     2  1998   PHE 555  , 2     2  1992   PHE 549  
 1     1  1304   HIS 583  , 0     0   563   ARG 564  
 1     1   851   PHE 130  , 1     1   770   PHE 49   
 3     3  2295   PHE 130  , 3     3  2214   PHE 49   
 3     3  2461   PHE 296  , 3     3  2434   PHE 269  
 3     3  2495   ARG 330  , 3     3  2471   TYR 306  
 3     3  2588   TYR 423  , 3     3  2402   TYR 237  
 3     3  2291   PHE 126  , 3     3  2205   TRP 40   
 0     0   125   PHE 126  , 0     0    39   TRP 40   
 2     2  1500   ARG 57   , 2     2  1487   TYR 44   
 1     1  1207   HIS 486  , 1     1  1206   TYR 485  
 1     1  1092   TYR 371  , 1     1   962   PHE 241  
 0     0   332   ARG 333  , 0     0   329   ARG 330  
 3     3  2252   PHE 87   , 3     3  2205   TRP 40   
 4     4  2919   PHE 1032 , 4     4  2888   ARG 1001 
 3     3  2588   TYR 423  , 3     3  2406   PHE 241  
 2     2  1530   PHE 87   , 2     2  1483   TRP 40   
 0     0   422   TYR 423  , 0     0   236   TYR 237  
 0     0    56   ARG 57   , 0     0    43   TYR 44   
 3     3  2682   TRP 517  , 3     3  2650   TYR 485  
 1     1  1378   TYR 657  , 1     1  1377   PHE 656  
 1     1   808   PHE 87   , 1     1   761   TRP 40   
 0     0   212   TYR 213  , 0     0   211   HIS 212  
 0     0   621   TRP 622  , 0     0   620   PHE 621  
 0     0   269   HIS 270  , 0     0   268   PHE 269  
 2     2  1569   PHE 126  , 2     2  1483   TRP 40   
 3     3  2633   PHE 468  , 0     0   467   PHE 468  
 1     1   825   ARG 104  , 1     1   821   TYR 100  
 3     3  2269   ARG 104  , 3     3  2265   TYR 100  
 2     2  1911   PHE 468  , 1     1  1189   PHE 468  
 3     3  2720   PHE 555  , 3     3  2714   PHE 549  
 1     1   847   PHE 126  , 1     1   761   TRP 40   
 1     1  1314   PHE 593  , 1     1  1273   HIS 552  
 1     1  1134   TRP 413  , 1     1  1124   TYR 403  
 0     0    86   PHE 87   , 0     0    39   TRP 40   
 1     1  1057   ARG 336  , 1     1   982   PHE 261  
 0     0   370   TYR 371  , 0     0   240   PHE 241  
 1     1  1189   PHE 468  , 1     1  1185   TYR 464  
 3     3  2501   ARG 336  , 3     3  2426   PHE 261  
 3     3  2758   PHE 593  , 3     3  2717   HIS 552  
 0     0   287   ARG 288  , 0     0   268   PHE 269  
 3     3  2882   PHE 717  , 3     3  2861   ARG 696  
 1     1  1144   TYR 423  , 1     1  1085   HIS 364  
 3     3  2812   ARG 647  , 3     3  2786   PHE 621  
 3     3  2222   ARG 57   , 3     3  2209   TYR 44   
 1     1  1112   TRP 391  , 1     1  1091   TRP 370  
 2     2  1929   HIS 486  , 1     1  1068   TYR 347  
 3     3  2512   TYR 347  , 0     0   485   HIS 486  
 1     1  1220   TYR 499  , 1     1  1216   PHE 495  
 1     1  1134   TRP 413  , 1     1  1100   PHE 379  
 3     3  2633   PHE 468  , 1     1  1189   PHE 468  
 0     0   665   ARG 666  , 0     0   661   HIS 662  
 0     0   295   PHE 296  , 0     0   290   TYR 291  
 2     2  1814   TYR 371  , 2     2  1684   PHE 241  
 0     0   338   ARG 339  , 0     0   335   ARG 336  
 1     1  1437   ARG 716  , 1     1  1433   ARG 712  
 1     1  1238   TRP 517  , 1     1  1207   HIS 486  
 0     0   545   ARG 546  , 0     0   542   HIS 543  
 0     0   342   HIS 343  , 0     0     6   ARG 7    
 2     2  1911   PHE 468  , 1     1  1185   TYR 464  
 3     3  2686   ARG 521  , 2     2  1450   ARG 7    
 0     0   342   HIS 343  , 0     0   221   TRP 222  
 2     2  1922   TYR 479  , 2     2  1918   PHE 475  
 2     2  1547   ARG 104  , 2     2  1543   TYR 100  
 3     3  2504   ARG 339  , 3     3  2438   PHE 273  
 0     0   363   HIS 364  , 0     0   240   PHE 241  
 3     3  2664   TYR 499  , 3     3  2660   PHE 495  
 2     2  1942   TYR 499  , 2     2  1938   PHE 495  
 1     1  1385   PHE 664  , 1     1  1381   PHE 660  
 2     2  2082   TYR 639  , 1     1   729   ARG 8    
 2     2  1786   HIS 343  , 2     2  1450   ARG 7    
 1     1  1124   TYR 403  , 1     1  1100   PHE 379  
 3     3  2295   PHE 130  , 3     3  2274   PHE 109  
 2     2  1739   PHE 296  , 2     2  1712   PHE 269  
 1     1  1360   TYR 639  , 0     0     7   ARG 8    
 2     2  1656   TYR 213  , 2     2  1655   HIS 212  
 2     2  2107   PHE 664  , 2     2  1998   PHE 555  
 2     2  2109   ARG 666  , 2     2  2105   HIS 662  
 0     0   498   TYR 499  , 0     0   494   PHE 495  
 1     1  1387   ARG 666  , 1     1  1383   HIS 662  
 3     3  2509   TYR 344  , 3     3  2387   TRP 222  
 3     3  2363   TYR 198  , 3     3  2182   PHE 17   
 0     0   569   PHE 570  , 0     0   548   PHE 549  
 0     0   663   PHE 664  , 0     0   554   PHE 555  
 0     0   287   ARG 288  , 0     0   269   HIS 270  
 2     2  1622   HIS 179  , 2     2  1579   PHE 136  
 2     2  2065   TRP 622  , 2     2  2064   PHE 621  
 0     0   679   PHE 680  , 0     0   676   ARG 677  
 3     3  2406   PHE 241  , 3     3  2402   TYR 237  
 1     1  1207   HIS 486  , 0     0   346   TYR 347  
 1     1  1189   PHE 468  , 0     0   467   PHE 468  
 2     2  1573   PHE 130  , 2     2  1552   PHE 109  
 3     3  2831   ARG 666  , 3     3  2827   HIS 662  
 1     1  1295   HIS 574  , 0     0     7   ARG 8    
 2     2  2161   ARG 718  , 2     2  2157   PHE 714  
 0     0   329   ARG 330  , 0     0   305   TYR 306  
 2     2  1734   TYR 291  , 2     2  1712   PHE 269  
 1     1   877   ARG 156  , 1     1   874   ARG 153  
 1     1  1295   HIS 574  , 1     1  1233   TYR 512  
 3     3  2758   PHE 593  , 3     3  2720   PHE 555  
 3     3  2877   ARG 712  , 3     3  2873   HIS 708  
 3     3  2739   HIS 574  , 3     3  2677   TYR 512  
 1     1  1433   ARG 712  , 1     1  1409   ARG 688  
 0     0   485   HIS 486  , 0     0   484   TYR 485  
 3     3  2504   ARG 339  , 3     3  2456   TYR 291  
 2     2  1451   ARG 8    , 0     0   498   TYR 499  
 0     0   269   HIS 270  , 0     0   207   HIS 208  
 3     3  2883   ARG 718  , 3     3  2879   PHE 714  
 0     0   290   TYR 291  , 0     0   268   PHE 269  
 2     2  2013   PHE 570  , 2     2  1992   PHE 549  
 3     3  2720   PHE 555  , 3     3  2717   HIS 552  
 0     0   295   PHE 296  , 0     0   268   PHE 269  
 1     1  1314   PHE 593  , 1     1  1276   PHE 555  
 0     0   412   TRP 413  , 0     0   378   PHE 379  
 1     1   902   HIS 181  , 1     1   900   HIS 179  
 1     1  1012   TYR 291  , 1     1   990   PHE 269  
 0     0   516   TRP 517  , 0     0   483   ARG 484  
 4     4  2901   PHE 1014 , 4     4  2898   TYR 1011 
 1     1  1433   ARG 712  , 1     1  1429   HIS 708  
 0     0   343   TYR 344  , 0     0   342   HIS 343  
 0     0   646   ARG 647  , 0     0   620   PHE 621  
 0     0   711   ARG 712  , 0     0   707   HIS 708  
 1     1  1276   PHE 555  , 1     1  1273   HIS 552  
 3     3  2629   TYR 464  , 0     0   467   PHE 468  
 3     3  2508   HIS 343  , 3     3  2377   HIS 212  
 0     0   150   PHE 151  , 0     0   147   TRP 148  
 0     0   129   PHE 130  , 0     0   108   PHE 109  
 2     2  2090   ARG 647  , 2     2  2064   PHE 621  
 1     1  1065   TYR 344  , 1     1  1064   HIS 343  
 2     2  1594   PHE 151  , 2     2  1591   TRP 148  
 3     3  2876   ARG 711  , 3     3  2873   HIS 708  
 3     3  2249   ARG 84   , 3     3  2205   TRP 40   
 3     3  2804   TYR 639  , 3     3  2739   HIS 574  
 1     1  1173   PHE 452  , 1     1  1091   TRP 370  
 2     2  2036   PHE 593  , 2     2  1998   PHE 555  
 2     2  1782   ARG 339  , 2     2  1779   ARG 336  
 1     1  1065   TYR 344  , 1     1   943   TRP 222  
 0     0   182   ARG 183  , 0     0   135   PHE 136  
 2     2  1882   PHE 439  , 1     1  1150   PHE 429  
 1     1  1144   TYR 423  , 1     1  1092   TYR 371  
 2     2  2086   HIS 643  , 2     2  2013   PHE 570  
 0     0   178   HIS 179  , 0     0   135   PHE 136  
 3     3  2501   ARG 336  , 3     3  2456   TYR 291  
 1     1   851   PHE 130  , 1     1   830   PHE 109  
 3     3  2881   ARG 716  , 3     3  2861   ARG 696  
 2     2  2026   HIS 583  , 1     1  1285   ARG 564  
 1     1  1432   ARG 711  , 1     1  1429   HIS 708  
 0     0   402   TYR 403  , 0     0   378   PHE 379  
 3     3  2348   ARG 183  , 3     3  2327   ARG 162  
 3     3  2348   ARG 183  , 3     3  2344   HIS 179  
 2     2  2155   ARG 712  , 2     2  2151   HIS 708  
 3     3  2682   TRP 517  , 2     2  1450   ARG 7    
 3     3  2883   ARG 718  , 3     3  2882   PHE 717  
 1     1   904   ARG 183  , 1     1   857   PHE 136  
 3     3  2461   PHE 296  , 3     3  2456   TYR 291  
 3     3  2787   TRP 622  , 3     3  2786   PHE 621  
 3     3  2686   ARG 521  , 3     3  2682   TRP 517  
 2     2  1989   ARG 546  , 2     2  1986   HIS 543  
 2     2  1684   PHE 241  , 2     2  1680   TYR 237  
 1     1  1439   ARG 718  , 1     1  1435   PHE 714  
 4     4  2888   ARG 1001 , 3     3  2558   TYR 393  
 2     2  1693   TRP 250  , 2     2  1680   TYR 237  
 0     0   713   PHE 714  , 0     0   710   ARG 711  
