 1     1  1242   ARG 521  , 1     1  1238   TRP 517  
 1     1  1054   ARG 333  , 1     1   982   PHE 261  
 2     2  1964   ARG 521  , 2     2  1928   TYR 485  
 4     4  2910   LYS 1023 , 3     3  2594   PHE 429  
 3     3  2498   ARG 333  , 3     3  2426   PHE 261  
 1     1  1368   ARG 647  , 1     1  1342   PHE 621  
 2     2  1776   ARG 333  , 2     2  1704   PHE 261  
 3     3  2711   ARG 546  , 3     3  2708   HIS 543  
 0     0   287   ARG 288  , 0     0   269   HIS 270  
 0     0   332   ARG 333  , 0     0   260   PHE 261  
 0     0   335   ARG 336  , 0     0   260   PHE 261  
 3     3  2729   ARG 564  , 0     0   582   HIS 583  
 1     1  1064   HIS 343  , 1     1   728   ARG 7    
 2     2  1779   ARG 336  , 2     2  1704   PHE 261  
 1     1  1057   ARG 336  , 1     1   982   PHE 261  
 1     1   778   ARG 57   , 1     1   765   TYR 44   
 1     1  1267   ARG 546  , 1     1  1264   HIS 543  
 2     2  1779   ARG 336  , 2     2  1738   TRP 295  
 4     4  2908   PHE 1021 , 4     4  2888   ARG 1001 
 3     3  2302   LYS 137  , 3     3  2273   TRP 108  
 3     3  2748   HIS 583  , 2     2  2007   ARG 564  
 3     3  2508   HIS 343  , 3     3  2173   ARG 8    
 0     0   342   HIS 343  , 0     0     6   ARG 7    
 3     3  2501   ARG 336  , 3     3  2426   PHE 261  
 2     2  1580   LYS 137  , 2     2  1551   TRP 108  
 3     3  2348   ARG 183  , 3     3  2344   HIS 179  
 2     2  1782   ARG 339  , 2     2  1663   TRP 220  
 3     3  2812   ARG 647  , 3     3  2786   PHE 621  
 4     4  2919   PHE 1032 , 4     4  2888   ARG 1001 
 4     4  2910   LYS 1023 , 0     0   438   PHE 439  
 1     1   858   LYS 137  , 1     1   829   TRP 108  
 2     2  1783   LYS 340  , 2     2  1665   TRP 222  
 0     0   182   ARG 183  , 0     0   178   HIS 179  
 1     1  1140   LYS 419  , 1     1  1134   TRP 413  
 0     0   103   ARG 104  , 0     0    99   TYR 100  
 3     3  2505   LYS 340  , 3     3  2377   HIS 212  
 1     1  1360   TYR 639  , 0     0     7   ARG 8    
 2     2  1500   ARG 57   , 2     2  1487   TYR 44   
 1     1  1068   TYR 347  , 1     1   728   ARG 7    
 2     2  1786   HIS 343  , 2     2  1783   LYS 340  
 3     3  2495   ARG 330  , 3     3  2471   TYR 306  
 0     0   136   LYS 137  , 0     0   107   TRP 108  
 3     3  2222   ARG 57   , 3     3  2209   TYR 44   
 3     3  2504   ARG 339  , 3     3  2438   PHE 273  
 1     1  1304   HIS 583  , 0     0   563   ARG 564  
 2     2  1871   TYR 428  , 1     1  1171   LYS 450  
 0     0    56   ARG 57   , 0     0    43   TYR 44   
 0     0   182   ARG 183  , 0     0   135   PHE 136  
 1     1   904   ARG 183  , 1     1   857   PHE 136  
 1     1   825   ARG 104  , 1     1   821   TYR 100  
 0     0   665   ARG 666  , 0     0   661   HIS 662  
 0     0   287   ARG 288  , 0     0   268   PHE 269  
 2     2  2090   ARG 647  , 2     2  2064   PHE 621  
 3     3  2385   TRP 220  , 3     3  2382   LYS 217  
 0     0   646   ARG 647  , 0     0   620   PHE 621  
 3     3  2269   ARG 104  , 3     3  2265   TYR 100  
 0     0   338   ARG 339  , 0     0   290   TYR 291  
 1     1  1105   LYS 384  , 1     1  1100   PHE 379  
 3     3  2508   HIS 343  , 3     3  2505   LYS 340  
 2     2  2109   ARG 666  , 2     2  2105   HIS 662  
 1     1  1433   ARG 712  , 1     1  1429   HIS 708  
 2     2  2155   ARG 712  , 2     2  2151   HIS 708  
 0     0   711   ARG 712  , 0     0   707   HIS 708  
 1     1   941   TRP 220  , 1     1   938   LYS 217  
 2     2  1731   ARG 288  , 2     2  1713   HIS 270  
 0     0   178   HIS 179  , 0     0   173   LYS 174  
 2     2  1779   ARG 336  , 2     2  1734   TYR 291  
 0     0   545   ARG 546  , 0     0   542   HIS 543  
 3     3  2267   LYS 102  , 3     3  2220   TYR 55   
 1     1   823   LYS 102  , 1     1   776   TYR 55   
 0     0   101   LYS 102  , 0     0    54   TYR 55   
 2     2  1827   LYS 384  , 2     2  1822   PHE 379  
 3     3  2882   PHE 717  , 3     3  2861   ARG 696  
 1     1  1387   ARG 666  , 1     1  1383   HIS 662  
 2     2  1786   HIS 343  , 2     2  1450   ARG 7    
 4     4  2919   PHE 1032 , 4     4  2893   LYS 1006 
 3     3  2509   TYR 344  , 3     3  2505   LYS 340  
 3     3  2831   ARG 666  , 3     3  2827   HIS 662  
 0     0   326   LYS 327  , 0     0   322   PHE 323  
 1     1  1439   ARG 718  , 1     1  1435   PHE 714  
 2     2  1545   LYS 102  , 2     2  1498   TYR 55   
 3     3  2883   ARG 718  , 3     3  2879   PHE 714  
 2     2  1547   ARG 104  , 2     2  1543   TYR 100  
 0     0   329   ARG 330  , 0     0   305   TYR 306  
 3     3  2877   ARG 712  , 3     3  2873   HIS 708  
 0     0   720   LYS 721  , 0     0   716   PHE 717  
 0     0   717   ARG 718  , 0     0   713   PHE 714  
 2     2  2161   ARG 718  , 2     2  2157   PHE 714  
 3     3  2568   TYR 403  , 3     3  2549   LYS 384  
 2     2  1989   ARG 546  , 2     2  1986   HIS 543  
 3     3  2504   ARG 339  , 3     3  2456   TYR 291  
 0     0   342   HIS 343  , 0     0   339   LYS 340  
 2     2  2026   HIS 583  , 1     1  1285   ARG 564  
 4     4  2908   PHE 1021 , 3     3  2615   LYS 450  
 2     2  2082   TYR 639  , 1     1   729   ARG 8    
 2     2  1663   TRP 220  , 2     2  1660   LYS 217  
 0     0   679   PHE 680  , 0     0   676   ARG 677  
 2     2  1451   ARG 8    , 0     0   498   TYR 499  
 1     1  1442   LYS 721  , 1     1  1438   PHE 717  
 3     3  2249   ARG 84   , 3     3  2205   TRP 40   
 0     0   339   LYS 340  , 0     0   211   HIS 212  
 0     0   418   LYS 419  , 0     0   370   TYR 371  
 1     1  1303   TYR 582  , 0     0   533   LYS 534  
 3     3  2682   TRP 517  , 2     2  1450   ARG 7    
 1     1  1009   ARG 288  , 1     1   990   PHE 269  
 3     3  2876   ARG 711  , 3     3  2873   HIS 708  
 1     1  1295   HIS 574  , 0     0     7   ARG 8    
 3     3  2658   ARG 493  , 3     3  2651   HIS 486  
 3     3  2578   TRP 413  , 3     3  2549   LYS 384  
 1     1  1432   ARG 711  , 1     1  1429   HIS 708  
 2     2  2154   ARG 711  , 2     2  2151   HIS 708  
 2     2  1626   ARG 183  , 2     2  1622   HIS 179  
 1     1   805   ARG 84   , 1     1   761   TRP 40   
 0     0   516   TRP 517  , 0     0   483   ARG 484  
 4     4  2888   ARG 1001 , 3     3  2558   TYR 393  
 2     2  1782   ARG 339  , 2     2  1734   TYR 291  
 3     3  2505   LYS 340  , 3     3  2387   TRP 222  
 3     3  2382   LYS 217  , 3     3  2377   HIS 212  
 3     3  2501   ARG 336  , 3     3  2456   TYR 291  
 3     3  2686   ARG 521  , 3     3  2682   TRP 517  
 2     2  1512   PHE 69   , 2     2  1506   LYS 63   
 0     0    83   ARG 84   , 0     0    39   TRP 40   
 3     3  2234   PHE 69   , 3     3  2228   LYS 63   
 0     0    68   PHE 69   , 0     0    62   LYS 63   
 0     0   383   LYS 384  , 0     0   378   PHE 379  
 0     0   219   TRP 220  , 0     0   216   LYS 217  
 2     2  1527   ARG 84   , 2     2  1483   TRP 40   
 0     0   717   ARG 718  , 0     0   716   PHE 717  
 1     1  1105   LYS 384  , 1     1  1097   TYR 376  
 0     0   370   TYR 371  , 0     0   241   LYS 242  
 3     3  2800   ARG 635  , 2     2  1641   TYR 198  
 2     2  1731   ARG 288  , 2     2  1712   PHE 269  
 1     1   790   PHE 69   , 1     1   784   LYS 63   
 3     3  2453   ARG 288  , 3     3  2435   HIS 270  
 3     3  2166   MET 1    , 0     0   516   TRP 517  
 1     1  1134   TRP 413  , 1     1  1105   LYS 384  
 0     0   212   TYR 213  , 0     0     7   ARG 8    
 1     1  1344   LYS 623  , 1     1  1343   TRP 622  
 0     0   338   ARG 339  , 0     0   294   TRP 295  
 0     0   661   HIS 662  , 0     0   555   ARG 556  
 1     1   902   HIS 181  , 1     1   901   LYS 180  
 3     3  2664   TYR 499  , 2     2  1990   LYS 547  
 3     3  2549   LYS 384  , 3     3  2544   PHE 379  
 0     0   622   LYS 623  , 0     0   621   TRP 622  
 0     0   713   PHE 714  , 0     0   710   ARG 711  
 2     2  1855   LYS 412  , 2     2  1822   PHE 379  
 2     2  2086   HIS 643  , 2     2  1990   LYS 547  
 2     2  1660   LYS 217  , 2     2  1655   HIS 212  
 2     2  1623   LYS 180  , 2     2  1579   PHE 136  
 1     1   904   ARG 183  , 1     1   831   PHE 110  
 2     2  1936   ARG 493  , 2     2  1929   HIS 486  
 3     3  2883   ARG 718  , 3     3  2882   PHE 717  
 2     2  1547   ARG 104  , 2     2  1498   TYR 55   
 2     2  1992   PHE 549  , 2     2  1989   ARG 546  
 2     2  2066   LYS 623  , 2     2  2065   TRP 622  
 3     3  2344   HIS 179  , 3     3  2327   ARG 162  
 2     2  2164   LYS 721  , 2     2  2160   PHE 717  
 3     3  2699   LYS 534  , 0     0   581   TYR 582  
 4     4  2914   ARG 1027 , 2     2  1836   TYR 393  
 3     3  2345   LYS 180  , 3     3  2275   PHE 110  
 2     2  1862   LYS 419  , 2     2  1680   TYR 237  
 3     3  2788   LYS 623  , 3     3  2787   TRP 622  
 0     0   211   HIS 212  , 0     0     6   ARG 7    
 1     1  1140   LYS 419  , 1     1   962   PHE 241  
 1     1  1057   ARG 336  , 1     1  1012   TYR 291  
 2     2  2160   PHE 717  , 2     2  2159   ARG 716  
 1     1  1133   LYS 412  , 1     1  1097   TYR 376  
 1     1  1126   PHE 405  , 1     1  1105   LYS 384  
 1     1  1377   PHE 656  , 1     1  1373   LYS 652  
 2     2  1560   ARG 117  , 2     2  1533   TYR 90   
 1     1  1439   ARG 718  , 1     1  1438   PHE 717  
 0     0   418   LYS 419  , 0     0   240   PHE 241  
 3     3  2505   LYS 340  , 3     3  2378   TYR 213  
 3     3  2804   TYR 639  , 2     2  1451   ARG 8    
 1     1   869   TRP 148  , 1     1   867   LYS 146  
 2     2  1599   ARG 156  , 2     2  1591   TRP 148  
 2     2  2025   TYR 582  , 1     1  1255   LYS 534  
 0     0   322   PHE 323  , 0     0   243   ARG 244  
 0     0   180   HIS 181  , 0     0   179   LYS 180  
 1     1   901   LYS 180  , 1     1   900   HIS 179  
 1     1   825   ARG 104  , 1     1   776   TYR 55   
